companyname,email
Alfreds Futterkiste,alfreds_futterkiste@gmail.com
Ana Trujillo Emparedados y helados,ana_trujillo_emparedados_y_helados@gmail.com
Antonio Moreno Taquera,antonio_moreno_taquera@gmail.com
Around the Horn,around_the_horn@gmail.com
B's Beverages,b's_beverages@gmail.com
Berglunds snabbkp,berglunds_snabbkp@gmail.com
Blauer See Delikatessen,blauer_see_delikatessen@gmail.com
Blido Comidas preparadas,blido_comidas_preparadas@gmail.com
Blondesddsl pre et fils,blondesddsl_pre_et_fils@gmail.com
Bon app',bon_app@gmail.com
Bottom-Dollar Markets,bottom-dollar_markets@gmail.com
Cactus Comidas para llevar,cactus_comidas_para_llevar@gmail.com
Centro comercial Moctezuma,centro_comercial_moctezuma@gmail.com
Chop-suey Chinese,chop-suey_chinese@gmail.com
Comrcio Mineiro,comrcio_mineiro@gmail.com
Consolidated Holdings,consolidated_holdings@gmail.com
Die Wandernde Kuh,die_wandernde_kuh@gmail.com
Drachenblut Delikatessen,drachenblut_delikatessen@gmail.com
Du monde entier,du_monde_entier@gmail.com
Eastern Connection,eastern_connection@gmail.com
Ernst Handel,ernst_handel@gmail.com
Familia Arquibaldo,familia_arquibaldo@gmail.com
FISSA Fabrica Inter. Salchichas S.A.,fissa_fabrica_inter._salchichas_s.a.@gmail.com
Folies gourmandes,folies_gourmandes@gmail.com
Folk och f HB,folk_och_f_hb@gmail.com
France restauration,france_restauration@gmail.com
Franchi S.p.A.,franchi_s.p.a.@gmail.com
Frankenversand,frankenversand@gmail.com
Furia Bacalhau e Frutos do Mar,furia_bacalhau_e_frutos_do_mar@gmail.com
Galera del gastrnomo,galera_del_gastrnomo@gmail.com
Godos Cocina Tpica,godos_cocina_tpica@gmail.com
Gourmet Lanchonetes,gourmet_lanchonetes@gmail.com
Great Lakes Food Market,great_lakes_food_market@gmail.com
GROSELLA-Restaurante,grosella-restaurante@gmail.com
Hanari Carnes,hanari_carnes@gmail.com
HILARION-Abastos,hilarion-abastos@gmail.com
Hungry Coyote Import Store,hungry_coyote_import_store@gmail.com
Hungry Owl All-Night Grocers,hungry_owl_all-night_grocers@gmail.com
Island Trading,island_trading@gmail.com
IT,it@gmail.com
IT,it@gmail.com
Kniglich Essen,kniglich_essen@gmail.com
La corne d'abondance,la_corne_d'abondance@gmail.com
La maison d'Asie,la_maison_d'asie@gmail.com
Laughing Bacchus Wine Cellars,laughing_bacchus_wine_cellars@gmail.com
Lazy K Kountry Store,lazy_k_kountry_store@gmail.com
Lehmanns Marktstand,lehmanns_marktstand@gmail.com
Let's Stop N Shop,let's_stop_n_shop@gmail.com
LILA-Supermercado,lila-supermercado@gmail.com
LINO-Delicateses,lino-delicateses@gmail.com
Lonesome Pine Restaurant,lonesome_pine_restaurant@gmail.com
Magazzini Alimentari Riuniti,magazzini_alimentari_riuniti@gmail.com
Maison Dewey,maison_dewey@gmail.com
Morgenstern Gesundkost,morgenstern_gesundkost@gmail.com
Mre Paillarde,mre_paillarde@gmail.com
North/South,north/south@gmail.com
Ocano Atlntico Ltda.,ocano_atlntico_ltda.@gmail.com
Old World Delicatessen,old_world_delicatessen@gmail.com
Ottilies Kseladen,ottilies_kseladen@gmail.com
Paris spcialits,paris_spcialits@gmail.com
Pericles Comidas clsicas,pericles_comidas_clsicas@gmail.com
Piccolo und mehr,piccolo_und_mehr@gmail.com
Princesa Isabel Vinhos,princesa_isabel_vinhos@gmail.com
Que Delcia,que_delcia@gmail.com
Queen Cozinha,queen_cozinha@gmail.com
QUICK-Stop,quick-stop@gmail.com
Rancho grande,rancho_grande@gmail.com
Rattlesnake Canyon Grocery,rattlesnake_canyon_grocery@gmail.com
Reggiani Caseifici,reggiani_caseifici@gmail.com
Ricardo Adocicados,ricardo_adocicados@gmail.com
Richter Supermarkt,richter_supermarkt@gmail.com
Romero y tomillo,romero_y_tomillo@gmail.com
Sant Gourmet,sant_gourmet@gmail.com
Save-a-lot Markets,save-a-lot_markets@gmail.com
Seven Seas Imports,seven_seas_imports@gmail.com
Simons bistro,simons_bistro@gmail.com
Spcialits du monde,spcialits_du_monde@gmail.com
Split Rail Beer & Ale,split_rail_beer_&_ale@gmail.com
Suprmes dlices,suprmes_dlices@gmail.com
The Big Cheese,the_big_cheese@gmail.com
The Cracker Box,the_cracker_box@gmail.com
Toms Spezialitten,toms_spezialitten@gmail.com
Tortuga Restaurante,tortuga_restaurante@gmail.com
Tradio Hipermercados,tradio_hipermercados@gmail.com
Trail's Head Gourmet Provisioners,trail's_head_gourmet_provisioners@gmail.com
Vaffeljernet,vaffeljernet@gmail.com
Victuailles en stock,victuailles_en_stock@gmail.com
Vins et alcools Chevalier,vins_et_alcools_chevalier@gmail.com
Wartian Herkku,wartian_herkku@gmail.com
Wellington Importadora,wellington_importadora@gmail.com
White Clover Markets,white_clover_markets@gmail.com
Wilman Kala,wilman_kala@gmail.com
Wolski  Zajazd,wolski__zajazd@gmail.com